config_id,ngram_max,weighted,C,none_ratio,train_segments,vocab,macro_ap,macro_f1,micro_f1,macro_f1_28,none_fp_rate,fit_s
0,1,False,0.25,1,7658,7565,0.44378519633417857,0.42517799356911345,0.2402471996910004,0.49163619810060305,0.41065891472868216,0.6
1,1,False,0.25,3,15316,10362,0.4558932253567609,0.4263760791169667,0.5271317829457365,0.49477656943547255,0.039825581395348836,1.0
2,1,False,0.25,5,22974,12521,0.45718172399987334,0.40410668856823323,0.5170677112479015,0.46395332630517144,0.05184108527131783,1.4
3,1,False,0.25,all,34871,15032,0.45889315708999473,0.395478637699056,0.5312403816558942,0.46189814233019,0.031104651162790698,2.1
4,1,False,1.0,1,7658,7565,0.48488438298974607,0.4831298354696372,0.562390158172232,0.5537235778662188,0.0438953488372093,0.6
5,1,False,1.0,3,15316,10362,0.4949407455547603,0.4873251219572695,0.573578092085465,0.5589034497199094,0.034593023255813954,1.1
6,1,False,1.0,5,22974,12521,0.4982158052388905,0.48183825283581294,0.5770171149144254,0.5528432040001029,0.0312984496124031,1.7
7,1,False,1.0,all,34871,15032,0.4992870236248646,0.4784622580759358,0.5855745721271394,0.5492915574076777,0.03294573643410853,2.5
8,1,False,4.0,1,7658,7565,0.5176772153152324,0.5333944486745402,0.6030395136778115,0.5809864360251904,0.03643410852713178,0.7
9,1,False,4.0,3,15316,10362,0.5328556898005506,0.5417058053506629,0.6081871345029239,0.5866532705918527,0.030232558139534883,1.3
10,1,False,4.0,5,22974,12521,0.5339940987956954,0.5421268125905381,0.6112138016019717,0.5886854217319551,0.029651162790697676,2.0
11,1,False,4.0,all,34871,15032,0.536241659740485,0.5426126173140592,0.6117792167745915,0.5897141918310643,0.02877906976744186,3.0
12,1,False,16.0,1,7658,7565,0.5219157544191755,0.5368552315700027,0.6066379840196681,0.5850601996928005,0.0375,0.8
13,1,False,16.0,3,15316,10362,0.5383232248332743,0.5456751354563686,0.6155291170945523,0.5940072803562667,0.029166666666666667,1.6
14,1,False,16.0,5,22974,12521,0.5407474699173227,0.5466150790111662,0.6166185434712865,0.5940778286875028,0.024806201550387597,2.4
15,1,False,16.0,all,34871,15032,0.5435807101394288,0.5438525348166925,0.6097325169191106,0.5923816813563559,0.022771317829457363,3.5
16,1,True,0.25,1,7658,7565,0.489352108389284,0.5083182228965158,0.5687203791469194,0.5543271604838754,0.041569767441860465,0.7
17,1,True,0.25,3,15316,10362,0.5022843805788567,0.5168146462858592,0.5802919708029197,0.5628336879302018,0.032848837209302324,1.3
18,1,True,0.25,5,22974,12521,0.5069914687815701,0.5194636966047343,0.5829326923076923,0.5647513806676037,0.034496124031007755,2.0
19,1,True,0.25,all,34871,15032,0.5130971541829382,0.5240891992363679,0.591358024691358,0.5709681720344778,0.028585271317829456,3.0
20,1,True,1.0,1,7658,7565,0.5068833453293655,0.524054601870282,0.5904761904761905,0.5696410014686178,0.03653100775193798,0.8
21,1,True,1.0,3,15316,10362,0.5249916851070064,0.5357043423501009,0.6047828823159219,0.5824453407820437,0.027906976744186046,1.6
22,1,True,1.0,5,22974,12521,0.5303804575551564,0.537063824963432,0.6037388905914802,0.583410969864078,0.030426356589147288,2.3
23,1,True,1.0,all,34871,15032,0.5353048414748972,0.5391466948202345,0.6031164069660861,0.5855086102305396,0.02926356589147287,3.5
24,1,True,4.0,1,7658,7565,0.519440974991826,0.5372044325210478,0.6064714946070878,0.5826235913896022,0.03527131782945737,0.9
25,1,True,4.0,3,15316,10362,0.5370060146655882,0.5659864767260657,0.6122953351869015,0.5937221570938156,0.030910852713178293,1.7
26,1,True,4.0,5,22974,12521,0.5426680373230274,0.5668568730153251,0.6148148148148148,0.5962707722264268,0.029748062015503875,2.7
27,1,True,4.0,all,34871,15032,0.5464088828350987,0.5637328052171945,0.61078217513244,0.5940530572310875,0.028488372093023257,4.2
28,1,True,16.0,1,7658,7565,0.5233236841143538,0.5367081644092241,0.6001195457262403,0.5813784398664533,0.04195736434108527,1.1
29,1,True,16.0,3,15316,10362,0.5365567428017316,0.566080074448567,0.6091463414634146,0.5932944353001587,0.03391472868217054,2.1
30,1,True,16.0,5,22974,12521,0.5381286757925323,0.5685755098636488,0.6165172855313701,0.5944265788018855,0.025872093023255813,3.1
31,1,True,16.0,all,34871,15032,0.5410841673719072,0.5692269000693042,0.6140070354972818,0.5949655765125971,0.025,4.8
32,2,False,0.25,1,7658,58056,0.4527464620601727,0.4149875658527226,0.2820738137082601,0.48157369133394184,0.31511627906976747,1.3
33,2,False,0.25,3,15316,88664,0.4621696561368658,0.3800006072381789,0.5085506027474068,0.4410551374422755,0.05329457364341085,2.3
34,2,False,0.25,5,22974,117322,0.4620802674894076,0.3690912866922947,0.5239596469104666,0.4350004450302044,0.03207364341085271,3.4
35,2,False,0.25,all,34871,155268,0.4615716998155581,0.3312485851809103,0.5063045586808923,0.39040011824893,0.029748062015503875,5.1
36,2,False,1.0,1,7658,58056,0.4862302149384733,0.46931564483992094,0.4649605357569959,0.5405906816691047,0.0934108527131783,1.5
37,2,False,1.0,3,15316,88664,0.4911757139543872,0.46551412574826107,0.5751556477912837,0.5325702196318791,0.0376937984496124,2.8
38,2,False,1.0,5,22974,117322,0.49200007153034164,0.4597536561715363,0.5699576014536645,0.5259795074720091,0.03362403100775194,4.1
39,2,False,1.0,all,34871,155268,0.4933661259664881,0.46167229960171025,0.5700541190619363,0.5271964884403616,0.034496124031007755,6.2
40,2,False,4.0,1,7658,58056,0.5196582551273408,0.5302764757353122,0.6025911419102139,0.5782515318280177,0.037596899224806204,1.8
41,2,False,4.0,3,15316,88664,0.5269317954265679,0.530881370629001,0.5824206683515867,0.5815154640751714,0.04544573643410853,3.4
42,2,False,4.0,5,22974,117322,0.5244428143812613,0.5304473417921208,0.6025227339395717,0.585281398652031,0.03604651162790698,4.8
43,2,False,4.0,all,34871,155268,0.5301683557984708,0.5343744341221188,0.6074653822998194,0.5802536222881833,0.03062015503875969,7.4
44,2,False,16.0,1,7658,58056,0.5347453582954482,0.5475841093606508,0.6067816775728733,0.5924990206642303,0.03972868217054264,2.1
45,2,False,16.0,3,15316,88664,0.545043153398637,0.5485586085434512,0.6161769160860345,0.5945073259180333,0.033236434108527134,3.8
46,2,False,16.0,5,22974,117322,0.5483989855946503,0.5505805802054715,0.6240786240786241,0.5968903639482716,0.02819767441860465,5.6
47,2,False,16.0,all,34871,155268,0.550093010412376,0.5535319324106832,0.6274268104776579,0.5980496338710187,0.027422480620155038,8.4
48,2,True,0.25,1,7658,58056,0.49198221552295984,0.512424992401987,0.5778849050918952,0.5556601476078239,0.03430232558139535,1.6
49,2,True,0.25,3,15316,88664,0.5005713326297623,0.520026756785599,0.5913881361035832,0.5659115168699059,0.035465116279069765,3.1
50,2,True,0.25,5,22974,117322,0.503593455142635,0.5238194962429182,0.587117839121401,0.569677801462549,0.035465116279069765,4.8
51,2,True,0.25,all,34871,155268,0.5068961920386654,0.5302781921675861,0.5947242206235012,0.5737802502927503,0.032848837209302324,7.4
52,2,True,1.0,1,7658,58056,0.5127876079761724,0.5301475163349902,0.5900860789551796,0.5722656952723612,0.03992248062015504,1.9
53,2,True,1.0,3,15316,88664,0.5219242737559833,0.5378309441354233,0.6036948748510131,0.5820014358602863,0.03527131782945737,3.6
54,2,True,1.0,5,22974,117322,0.5252741409228329,0.5445477166451217,0.6081977094635322,0.5884854802243391,0.03333333333333333,5.7
55,2,True,1.0,all,34871,155268,0.5304261237434017,0.5459241161701286,0.6095411728957764,0.5876962797719373,0.028875968992248063,8.6
56,2,True,4.0,1,7658,58056,0.5302280926864117,0.5461152397471668,0.6070249174422095,0.589907748098008,0.03827519379844961,2.2
57,2,True,4.0,3,15316,88664,0.5412042493858638,0.5507259049109368,0.6173886700999697,0.5971990682028557,0.03246124031007752,4.2
58,2,True,4.0,5,22974,117322,0.5459785755691255,0.5524430634538435,0.6189613526570048,0.5961994306049929,0.03255813953488372,6.4
59,2,True,4.0,all,34871,155268,0.5525173783050215,0.5552484196459662,0.6192619261926192,0.5974951612494125,0.03187984496124031,9.9
60,2,True,16.0,1,7658,58056,0.5416483927412629,0.5521145161140804,0.6093233082706767,0.5981072236519526,0.03963178294573643,2.6
61,2,True,16.0,3,15316,88664,0.5531251180833336,0.556496298070818,0.6196503918022905,0.6021425668365968,0.03478682170542636,4.7
62,2,True,16.0,5,22974,117322,0.5597500223454761,0.5652189214104631,0.6362790697674419,0.6084127764242363,0.028294573643410852,7.2
63,2,True,16.0,all,34871,155268,0.563179162208513,0.5624297679196264,0.6302546793494938,0.6067281239125998,0.02926356589147287,11.4
